{
  "name": "angular-moment",
  "description": "Moment.JS directives & filters for AngularJS (timeago alternative)",
  "author": "Uri Shaked",
  "license": "MIT",
  "homepage": "http://github.com/urish/angular-moment",
  "main": "./angular-moment.js",
  "ignore": [],
  "dependencies": {
    "angular": ">=1.2.0 <1.6.0",
    "moment": ">=2.8.0 <2.11.0"
  },
  "devDependencies": {
    "angular-mocks": "1.4.x",
    "moment-timezone": "0.4.0"
  },
  "repository": {
    "type": "git",
    "url": "git://github.com/urish/angular-moment.git"
  },
  "version": "1.0.0-beta.3",
  "_release": "1.0.0-beta.3",
  "_resolution": {
    "type": "version",
    "tag": "1.0.0-beta.3",
    "commit": "3b32174202a5b8923195d06ccef0a326ce9c20b3"
  },
  "_source": "https://github.com/urish/angular-moment.git",
  "_target": "1.0.0-beta.3",
  "_originalSource": "angular-moment",
  "_direct": true
}